{"cameraMode":{"drawMode":0,"name":"Shaded","section":"Shading Mode"},"sceneLighting":true,"audioPlay":false,"sceneViewState":{"showFog":true,"showMaterialUpdate":false,"showSkybox":true,"showFlares":true,"showImageEffects":true,"showParticleSystems":true},"in2DMode":false,"pivot":{"x":961.5018920898438,"y":558.0164794921875,"z":0.7542401552200317},"rotation":{"x":-0.0048096198588609699,"y":-0.0024026157334446909,"z":0.00001156437792815268,"w":-0.999987781047821},"size":820.7870483398438,"orthographic":false}